Social Media,Video & Cinema,Chat & Communication,Devices,Sex & Porn,Internet,Virtual Assistants,Technology,Computing,Image,Music & Music making,Shopping,Information,Gaming,Smartphone,Personalities , Groups & Projects,Reality shows
Facebook ,Netflix,msn, Télé,Pornhub,Internet,Alexa,Electronique,Logiciel,Photo,Spotify ,Ebay ,journal,SuperMario,Appli,Kardashian, Anonymous,
Post ,Bingewatching,Smiley, Télévision,Sex tape,Net,Siri,Electroniques,Logiciels,Photos,Shazam,Amazon ,Journaux,Playstation,Applis,,WikiLeaks,
Posts,Movie,LOL,Portable,Sexto,Web,Cortana,,Algorithm,Photog,Micro,iTunes,Sondage,Xbox,Application,,wiki,
Poster,Movies,Chat ,Cam ,Sextos,Site ,,,Algorithms,,Micros,Apple,Sondages,Tetris,Applications,,wikipedia,
Tag,Film,Chatter, Beeper,,Sites,,,Programmer,,cro-mi,,Info,Pokémon,Sonner,,,
Tags,Films,Messenger,Smartphone,,Cyberharcèlement,,,Bug,,Disque,,Infos,Killcam,Vibrer,,,
Taguer,Écran,DM, phone,,Hacker,,,Bugs,,Disques,,JT, console,,,,
Timeline,Écrans,Texto,,,Pirate,,,Digital,,Disquette,,Fakenews ,Nintendo,,,,
Ami,Clip ,Textos,,,Pirates,,,Digitale,,Disquettes,,desinformation,RPG,,,,
Amis,Clips,E-mail,,,Blog ,,,Digitals,,Cassette,,desinformations,MMO,,,,
Statut,,Sms,,,Blogs,,,Digitales ,,Cassettes,,desinformé,RTS,,,,
Statuts,,Numéro,,,Blogeur ,,,Informatique,,Walkman,,desinformée,controller,,,,
Tinder,,Skype,,,Blogeurs,,,Informatiques,,Soundcloud,,desinformés,joystick,,,,
Swipe,,VidéoCall,,,Vidéobloguer ,,,Numérique,,CD,,desinformées,gamepad,,,,
Swiper,,FaceTime,,,Vidéobloguers,,,Numériques,,CDs,,,,,,,
Twitter ,,Emoji,,,Clique,,,Code ,,mp3,,,,,,,
Tweet,,Emojis,,,Cliques,,,Codes,,mp3s,,,,,,,
Tweets,,emoticon,,,Cliqué,,,Virtuel,,enregistrer ,,,,,,,
Tweeter,,emoticons,,,3G,,,Virtuelle,,,,,,,,,
Myspace ,,,,,4G,,,Virtuels,,,,,,,,,
Instagram,,,,,5G,,,Virtuelles,,,,,,,,,
Insta ,,,,,Wifi,,,,,,,,,,,,
Story,,,,,Wifis,,,,,,,,,,,,
Stories ,,,,,LAN,,,,,,,,,,,,
Influencer,,,,,ADSL,,,,,,,,,,,,
YouTube ,,,,,,,,,,,,,,,,,
Percer ,,,,,,,,,,,,,,,,,
Youtuber ,,,,,,,,,,,,,,,,,
Vidéo,,,,,,,,,,,,,,,,,
Vidéos,,,,,,,,,,,,,,,,,
stream,,,,,,,,,,,,,,,,,
streamer,,,,,,,,,,,,,,,,,
podcast,,,,,,,,,,,,,,,,,
podcast,,,,,,,,,,,,,,,,,
Snapchat  ,,,,,,,,,,,,,,,,,
Snap,,,,,,,,,,,,,,,,,
Screen,,,,,,,,,,,,,,,,,
Screens,,,,,,,,,,,,,,,,,
Memory,,,,,,,,,,,,,,,,,
Memories,,,,,,,,,,,,,,,,,
TikTok ,,,,,,,,,,,,,,,,,
Google,,,,,,,,,,,,,,,,,
Googler ,,,,,,,,,,,,,,,,,
Geek ,,,,,,,,,,,,,,,,,
Selfie,,,,,,,,,,,,,,,,,
Selfies,,,,,,,,,,,,,,,,,
Hashtag  ,,,,,,,,,,,,,,,,,
Hashtags,,,,,,,,,,,,,,,,,
Compte,,,,,,,,,,,,,,,,,
Comptes,,,,,,,,,,,,,,,,,
Like ,,,,,,,,,,,,,,,,,
Likes,,,,,,,,,,,,,,,,,
Liker,,,,,,,,,,,,,,,,,
Viral,,,,,,,,,,,,,,,,,
Virale,,,,,,,,,,,,,,,,,
Viraux,,,,,,,,,,,,,,,,,
Virales,,,,,,,,,,,,,,,,,
Troll,,,,,,,,,,,,,,,,,
Trolling,,,,,,,,,,,,,,,,,
Notification,,,,,,,,,,,,,,,,,
Notifications,,,,,,,,,,,,,,,,,
 Follower,,,,,,,,,,,,,,,,,
Followers,,,,,,,,,,,,,,,,,
Follow,,,,,,,,,,,,,,,,,
Follows,,,,,,,,,,,,,,,,,
Publicité,,,,,,,,,,,,,,,,,
Publicités,,,,,,,,,,,,,,,,,
Pub,,,,,,,,,,,,,,,,,
Pubs,,,,,,,,,,,,,,,,,
Forum,,,,,,,,,,,,,,,,,
Forums,,,,,,,,,,,,,,,,,
Buzz,,,,,,,,,,,,,,,,,
,,,,,,,,,,,,,,,,,
,,,,,,,,,,,,,,,,,
,,,,,,,,,,,,,,,,,
,,,,,,,,,,,,,,,,,
,,,,,,,,,,,,,,,,,
,,,,,,,,,,,,,,,,,
,,,,,,,,,,,,,,,,,
,,,,,,,,,,,,,,,,,
,,,,,,,,,,,,,,,,,
